{"0":{
    "(0,)": 0.4642857142857143,
    "(1,)": 0.2857142857142857,
    "(2,)": 1,
    "(3,)": 0.6785714285714286,
    "(4,)": 0.6785714285714286,
    "(5,)": -1,
    "(6,)": -1,
    "(7,)": -0.4642857142857143,
    "(8,)": 1,
    "(9,)": 0.2857142857142857,
    "(10,)": 0.2857142857142857,
    "(11,)": -0.6785714285714286,
    "(12,)": 0.2857142857142857,
    "(13,)": 0.2857142857142857,
    "(14,)": 1,
    "(15,)": -0.4642857142857143,
    "(16,)": 0.6785714285714286,
    "(17,)": -0.4642857142857143,
    "(18,)": 0.2857142857142857,
    "(19,)": -0.2857142857142857,
    "(20,)": -1,
    "(21,)": -0.6785714285714286,
    "(22,)": 0.6785714285714286,
    "(23,)": 0.4642857142857143,
    "(24,)": -1,
    "(25,)": -0.4642857142857143,
    "(26,)": -0.2857142857142857,
    "(27,)": -1,
    "(28,)": 0.2857142857142857,
    "(29,)": 0.2857142857142857,
    "(30,)": 0.4642857142857143,
    "(31,)": -0.6785714285714286,
    "(32,)": -0.2857142857142857,
    "(33,)": -0.4642857142857143,
    "(34,)": 0.4642857142857143,
    "(35,)": 0.6785714285714286,
    "(36,)": 0.4642857142857143,
    "(37,)": -0.4642857142857143,
    "(38,)": 0.4642857142857143,
    "(39,)": 0.6785714285714286,
    "(40,)": 0.2857142857142857,
    "(41,)": -1,
    "(42,)": -0.6785714285714286,
    "(43,)": 0.2857142857142857,
    "(44,)": 0.4642857142857143,
    "(45,)": 0.2857142857142857,
    "(46,)": 0.2857142857142857,
    "(47,)": 0.2857142857142857,
    "(48,)": 0.6785714285714286,
    "(49,)": 1,
    "(50,)": -0.6785714285714286,
    "(51,)": -0.2857142857142857,
    "(52,)": -1,
    "(53,)": 0.2857142857142857,
    "(54,)": 0.4642857142857143,
    "(55,)": 0.4642857142857143,
    "(56,)": -0.6785714285714286,
    "(57,)": -0.6785714285714286,
    "(58,)": -0.6785714285714286,
    "(59,)": 0.4642857142857143,
    "(60,)": -1,
    "(61,)": -0.6785714285714286,
    "(62,)": -1,
    "(63,)": -0.4642857142857143,
    "(64,)": 1,
    "(65,)": 1,
    "(66,)": -1,
    "(67,)": 0.2857142857142857,
    "(68,)": 1,
    "(69,)": 0.4642857142857143,
    "(70,)": -1,
    "(71,)": 1,
    "(72,)": -0.6785714285714286,
    "(73,)": -0.2857142857142857,
    "(74,)": 0.2857142857142857,
    "(75,)": 1,
    "(76,)": 1,
    "(77,)": -0.4642857142857143,
    "(78,)": -0.6785714285714286,
    "(79,)": 1,
    "(80,)": 0.2857142857142857,
    "(81,)": 0.2857142857142857,
    "(82,)": 0.6785714285714286,
    "(83,)": 0.6785714285714286,
    "(84,)": 1,
    "(85,)": -0.2857142857142857,
    "(86,)": 1,
    "(87,)": 1,
    "(88,)": 0.6785714285714286,
    "(89,)": -1,
    "(90,)": -1,
    "(91,)": 0.4642857142857143,
    "(92,)": -1,
    "(93,)": -0.2857142857142857,
    "(94,)": 0.4642857142857143,
    "(95,)": 0.2857142857142857,
    "(96,)": -0.4642857142857143,
    "(97,)": 1,
    "(98,)": 0.6785714285714286,
    "(99,)": 0.4642857142857143,
    "(0, 1)": 0.2857142857142857,
    "(2, 3)": -1,
    "(4, 5)": 0.4642857142857143,
    "(6, 7)": -0.2857142857142857,
    "(8, 9)": 0.4642857142857143,
    "(10, 11)": -0.2857142857142857,
    "(12, 13)": -0.4642857142857143,
    "(14, 15)": -0.4642857142857143,
    "(16, 17)": -0.2857142857142857,
    "(18, 19)": 0.6785714285714286,
    "(20, 21)": -1,
    "(22, 23)": 0.4642857142857143,
    "(24, 25)": -0.6785714285714286,
    "(26, 27)": 0.6785714285714286,
    "(28, 29)": 0.4642857142857143,
    "(30, 31)": -0.6785714285714286,
    "(32, 33)": 0.4642857142857143,
    "(34, 35)": -0.4642857142857143,
    "(36, 37)": 0.2857142857142857,
    "(38, 39)": 0.2857142857142857,
    "(40, 41)": 0.4642857142857143,
    "(42, 43)": 0.4642857142857143,
    "(44, 45)": -0.2857142857142857,
    "(46, 47)": -1,
    "(48, 49)": 0.2857142857142857,
    "(50, 51)": 0.4642857142857143,
    "(52, 53)": -1,
    "(54, 55)": -0.4642857142857143,
    "(56, 57)": -0.2857142857142857,
    "(58, 59)": -0.4642857142857143,
    "(60, 61)": -0.4642857142857143,
    "(62, 63)": 0.4642857142857143,
    "(64, 65)": -0.2857142857142857,
    "(66, 67)": 0.2857142857142857,
    "(68, 69)": 1,
    "(70, 71)": -1,
    "(72, 73)": -0.2857142857142857,
    "(74, 75)": 0.2857142857142857,
    "(76, 77)": 1,
    "(78, 79)": 1,
    "(80, 81)": -0.2857142857142857,
    "(82, 83)": -0.6785714285714286,
    "(84, 85)": -1,
    "(86, 87)": 0.6785714285714286,
    "(88, 89)": -0.6785714285714286,
    "(90, 91)": 0.2857142857142857,
    "(92, 93)": 0.2857142857142857,
    "(94, 95)": -0.6785714285714286,
    "(96, 97)": 0.2857142857142857,
    "(98, 99)": -0.2857142857142857,
    "(0, 3)": 1,
    "(2, 5)": -1,
    "(4, 7)": 0.2857142857142857,
    "(6, 9)": -1,
    "(8, 11)": 0.4642857142857143,
    "(10, 13)": -0.2857142857142857,
    "(12, 15)": -0.2857142857142857,
    "(14, 17)": 0.2857142857142857,
    "(16, 19)": -0.4642857142857143,
    "(18, 21)": -0.4642857142857143,
    "(20, 23)": 1,
    "(22, 25)": -0.6785714285714286,
    "(24, 27)": 0.4642857142857143,
    "(26, 29)": -0.4642857142857143,
    "(28, 31)": 1,
    "(30, 33)": -0.6785714285714286,
    "(32, 35)": 0.6785714285714286,
    "(34, 37)": -0.6785714285714286,
    "(36, 39)": 0.4642857142857143,
    "(38, 41)": 1,
    "(40, 43)": -0.4642857142857143,
    "(42, 45)": 0.4642857142857143,
    "(44, 47)": 0.6785714285714286,
    "(46, 49)": 0.2857142857142857,
    "(48, 51)": 0.4642857142857143,
    "(50, 53)": -0.2857142857142857,
    "(52, 55)": 0.2857142857142857,
    "(54, 57)": -0.4642857142857143,
    "(56, 59)": 1,
    "(58, 61)": 0.2857142857142857,
    "(60, 63)": -0.6785714285714286,
    "(62, 65)": -1,
    "(64, 67)": 0.2857142857142857,
    "(66, 69)": 0.2857142857142857,
    "(68, 71)": -1,
    "(70, 73)": 0.6785714285714286,
    "(72, 75)": -0.2857142857142857,
    "(74, 77)": -0.4642857142857143,
    "(76, 79)": -0.2857142857142857,
    "(78, 81)": -0.2857142857142857,
    "(80, 83)": 0.2857142857142857,
    "(82, 85)": 0.4642857142857143,
    "(84, 87)": -1,
    "(86, 89)": -1,
    "(88, 91)": -0.4642857142857143,
    "(90, 93)": 0.4642857142857143,
    "(92, 95)": -0.2857142857142857,
    "(94, 97)": 0.6785714285714286,
    "(96, 99)": -0.4642857142857143,
    "(98, 1)": -1,
    "(98, 3)": -0.4642857142857143,
    "(0, 5)": 0.4642857142857143,
    "(2, 7)": -1,
    "(4, 9)": 0.2857142857142857,
    "(6, 11)": 0.6785714285714286,
    "(8, 13)": -1,
    "(10, 15)": -0.6785714285714286,
    "(12, 17)": -0.4642857142857143,
    "(14, 19)": -0.4642857142857143,
    "(16, 21)": -0.2857142857142857,
    "(18, 23)": 0.4642857142857143,
    "(20, 25)": 0.6785714285714286,
    "(22, 27)": 0.4642857142857143,
    "(24, 29)": -0.2857142857142857,
    "(26, 31)": 1,
    "(28, 33)": 0.4642857142857143,
    "(30, 35)": -0.2857142857142857,
    "(99, 37)": -0.6785714285714286,
    "(34, 39)": 0.6785714285714286,
    "(36, 41)": -0.6785714285714286,
    "(38, 43)": 0.6785714285714286,
    "(40, 45)": -1,
    "(42, 47)": -0.6785714285714286,
    "(44, 49)": 0.4642857142857143,
    "(46, 51)": 0.2857142857142857,
    "(48, 53)": -0.4642857142857143,
    "(50, 55)": -1,
    "(52, 57)": -0.4642857142857143,
    "(54, 59)": 0.2857142857142857,
    "(56, 61)": -1,
    "(58, 63)": 1,
    "(60, 65)": -1,
    "(62, 67)": 1,
    "(64, 69)": -0.4642857142857143,
    "(66, 71)": -0.2857142857142857,
    "(68, 73)": 1,
    "(70, 75)": 0.4642857142857143,
    "(72, 77)": 0.2857142857142857,
    "(74, 79)": 0.2857142857142857,
    "(76, 81)": -0.4642857142857143,
    "(78, 83)": -0.6785714285714286,
    "(80, 85)": -0.6785714285714286,
    "(82, 87)": 0.2857142857142857,
    "(84, 89)": -0.6785714285714286,
    "(86, 91)": 0.6785714285714286,
    "(88, 93)": -0.2857142857142857,
    "(90, 95)": -0.6785714285714286,
    "(92, 97)": 0.4642857142857143,
    "(94, 99)": 0.2857142857142857,
    "(96, 1)": -0.2857142857142857,
    "(98, 5)": -0.4642857142857143,
    "(0, 7)": 0.4642857142857143,
    "(2, 9)": -0.4642857142857143,
    "(4, 11)": -0.6785714285714286,
    "(6, 13)": 0.2857142857142857,
    "(8, 15)": -0.4642857142857143,